{
  "project_info": {
    "project_number": "542394367344",
    "project_id": "pasaraja-4af12",
    "storage_bucket": "pasaraja-4af12.appspot.com"
  },
  "client": [
    {
      "client_info": {
        "mobilesdk_app_id": "1:542394367344:android:a4dc44c496ed999d00e3b5",
        "android_client_info": {
          "package_name": "com.example.pasaraja_mobile"
        }
      },
      "oauth_client": [
        {
          "client_id": "542394367344-8aaok0utm2dqfqhfth914k8rf6q02tgg.apps.googleusercontent.com",
          "client_type": 1,
          "android_info": {
            "package_name": "com.example.pasaraja_mobile",
            "certificate_hash": "d150f312c32d7a90f6191418066e8487c69ab586"
          }
        },
        {
          "client_id": "542394367344-42p78vt1fhqrut72h0tfv5cg13qfveeb.apps.googleusercontent.com",
          "client_type": 3
        }
      ],
      "api_key": [
        {
          "current_key": "AIzaSyA7wxe-tDmirb8qNJtZJcrFNwyB9eVmxDc"
        }
      ],
      "services": {
        "appinvite_service": {
          "other_platform_oauth_client": [
            {
              "client_id": "542394367344-42p78vt1fhqrut72h0tfv5cg13qfveeb.apps.googleusercontent.com",
              "client_type": 3
            },
            {
              "client_id": "542394367344-q7264j3rsfrd7fjdk6resd5e3dn3qfka.apps.googleusercontent.com",
              "client_type": 2,
              "ios_info": {
                "bundle_id": "com.example.pasarajaMobile"
              }
            }
          ]
        }
      }
    }
  ],
  "configuration_version": "1"
}